USE DAY3;

CREATE TABLE employee(
	employeeid INT PRIMARY KEY,
    firstname VARCHAR(50),
    lastname VARCHAR(50),
    email VARCHAR(100) UNIQUE,
    designation VARCHAR(50),
    department VARCHAR(50),
    hiredate DATE    
);

CREATE TABLE salary(
	salaryid INT PRIMARY KEY,
    employeeid INT,
    basesalary DECIMAL(10,2),
    bonus DECIMAL(10,2),
    FOREIGN KEY (employeeid) REFERENCES employee(employeeid)
);

CREATE TABLE studendetails(
	studentid INT,
    collegeid INT,
    courseid INT NOT NULL,
    email VARCHAR(100) UNIQUE,
    firstname VARCHAR(50),
    PRIMARY KEY(studentid , collegeid)
);

CREATE TABLE course(
	courseid INT PRIMARY KEY,
    coursename VARCHAR(100),
    credits INT
);

INSERT INTO employee (employeeid, firstname, lastname, email, designation, department, hiredate) VALUES
(1, 'First1', 'Last1', 'email1@example.com', 'Manager', 'HR', '2022-01-01'),
(2, 'First2', 'Last2', 'email2@example.com', 'Developer', 'IT', '2022-01-02'),
(3, 'First3', 'Last3', 'email3@example.com', 'Analyst', 'Finance', '2022-01-03'),
(4, 'First4', 'Last4', 'email4@example.com', 'Designer', 'Marketing', '2022-01-04'),
(5, 'First5', 'Last5', 'email5@example.com', 'Tester', 'QA', '2022-01-05'),
(6, 'First6', 'Last6', 'email6@example.com', 'Manager', 'Sales', '2022-01-06'),
(7, 'First7', 'Last7', 'email7@example.com', 'Developer', 'IT', '2022-01-07'),
(8, 'First8', 'Last8', 'email8@example.com', 'Analyst', 'Finance', '2022-01-08'),
(9, 'First9', 'Last9', 'email9@example.com', 'Designer', 'Marketing', '2022-01-09'),
(10, 'First10', 'Last10', 'email10@example.com', 'Tester', 'QA', '2022-01-10'),
(11, 'First11', 'Last11', 'email11@example.com', 'Manager', 'HR', '2022-01-11'),
(12, 'First12', 'Last12', 'email12@example.com', 'Developer', 'IT', '2022-01-12'),
(13, 'First13', 'Last13', 'email13@example.com', 'Analyst', 'Finance', '2022-01-13'),
(14, 'First14', 'Last14', 'email14@example.com', 'Designer', 'Marketing', '2022-01-14'),
(15, 'First15', 'Last15', 'email15@example.com', 'Tester', 'QA', '2022-01-15'),
(16, 'First16', 'Last16', 'email16@example.com', 'Manager', 'Sales', '2022-01-16'),
(17, 'First17', 'Last17', 'email17@example.com', 'Developer', 'IT', '2022-01-17'),
(18, 'First18', 'Last18', 'email18@example.com', 'Analyst', 'Finance', '2022-01-18'),
(19, 'First19', 'Last19', 'email19@example.com', 'Designer', 'Marketing', '2022-01-19'),
(20, 'First20', 'Last20', 'email20@example.com', 'Tester', 'QA', '2022-01-20'),
(21, 'First21', 'Last21', 'email21@example.com', 'Manager', 'HR', '2022-01-21'),
(22, 'First22', 'Last22', 'email22@example.com', 'Developer', 'IT', '2022-01-22'),
(23, 'First23', 'Last23', 'email23@example.com', 'Analyst', 'Finance', '2022-01-23'),
(24, 'First24', 'Last24', 'email24@example.com', 'Designer', 'Marketing', '2022-01-24'),
(25, 'First25', 'Last25', 'email25@example.com', 'Tester', 'QA', '2022-01-25'),
(26, 'First26', 'Last26', 'email26@example.com', 'Manager', 'Sales', '2022-01-26'),
(27, 'First27', 'Last27', 'email27@example.com', 'Developer', 'IT', '2022-01-27'),
(28, 'First28', 'Last28', 'email28@example.com', 'Analyst', 'Finance', '2022-01-28'),
(29, 'First29', 'Last29', 'email29@example.com', 'Designer', 'Marketing', '2022-01-29'),
(30, 'First30', 'Last30', 'email30@example.com', 'Tester', 'QA', '2022-01-30'),
(31, 'First31', 'Last31', 'email31@example.com', 'Manager', 'HR', '2022-01-31'),
(32, 'First32', 'Last32', 'email32@example.com', 'Developer', 'IT', '2022-02-01'),
(33, 'First33', 'Last33', 'email33@example.com', 'Analyst', 'Finance', '2022-02-02'),
(34, 'First34', 'Last34', 'email34@example.com', 'Designer', 'Marketing', '2022-02-03'),
(35, 'First35', 'Last35', 'email35@example.com', 'Tester', 'QA', '2022-02-04'),
(36, 'First36', 'Last36', 'email36@example.com', 'Manager', 'Sales', '2022-02-05'),
(37, 'First37', 'Last37', 'email37@example.com', 'Developer', 'IT', '2022-02-06'),
(38, 'First38', 'Last38', 'email38@example.com', 'Analyst', 'Finance', '2022-02-07'),
(39, 'First39', 'Last39', 'email39@example.com', 'Designer', 'Marketing', '2022-02-08'),
(40, 'First40', 'Last40', 'email40@example.com', 'Tester', 'QA', '2022-02-09'),
(41, 'First41', 'Last41', 'email41@example.com', 'Manager', 'HR', '2022-02-10'),
(42, 'First42', 'Last42', 'email42@example.com', 'Developer', 'IT', '2022-02-11'),
(43, 'First43', 'Last43', 'email43@example.com', 'Analyst', 'Finance', '2022-02-12'),
(44, 'First44', 'Last44', 'email44@example.com', 'Designer', 'Marketing', '2022-02-13'),
(45, 'First45', 'Last45', 'email45@example.com', 'Tester', 'QA', '2022-02-14');

INSERT INTO salary (salaryid, employeeid, basesalary, bonus) VALUES
(1, 1, 30000.00, 1000.00),
(2, 2, 30500.00, 1050.00),
(3, 3, 31000.00, 1100.00),
(4, 4, 31500.00, 1150.00),
(5, 5, 32000.00, 1200.00),
(6, 6, 32500.00, 1250.00),
(7, 7, 33000.00, 1300.00),
(8, 8, 33500.00, 1350.00),
(9, 9, 34000.00, 1400.00),
(10, 10, 34500.00, 1450.00),
(11, 11, 35000.00, 1500.00),
(12, 12, 35500.00, 1550.00),
(13, 13, 36000.00, 1600.00),
(14, 14, 36500.00, 1650.00),
(15, 15, 37000.00, 1700.00),
(16, 16, 37500.00, 1750.00),
(17, 17, 38000.00, 1800.00),
(18, 18, 38500.00, 1850.00),
(19, 19, 39000.00, 1900.00),
(20, 20, 39500.00, 1950.00),
(21, 21, 40000.00, 2000.00),
(22, 22, 40500.00, 2050.00),
(23, 23, 41000.00, 2100.00),
(24, 24, 41500.00, 2150.00),
(25, 25, 42000.00, 2200.00),
(26, 26, 42500.00, 2250.00),
(27, 27, 43000.00, 2300.00),
(28, 28, 43500.00, 2350.00),
(29, 29, 44000.00, 2400.00),
(30, 30, 44500.00, 2450.00),
(31, 31, 45000.00, 2500.00),
(32, 32, 45500.00, 2550.00),
(33, 33, 46000.00, 2600.00),
(34, 34, 46500.00, 2650.00),
(35, 35, 47000.00, 2700.00),
(36, 36, 47500.00, 2750.00),
(37, 37, 48000.00, 2800.00),
(38, 38, 48500.00, 2850.00),
(39, 39, 49000.00, 2900.00),
(40, 40, 49500.00, 2950.00),
(41, 41, 50000.00, 3000.00),
(42, 42, 50500.00, 3050.00),
(43, 43, 51000.00, 3100.00),
(44, 44, 51500.00, 3150.00),
(45, 45, 52000.00, 3200.00);

INSERT INTO studendetails (studentid, collegeid, courseid, email, firstname) VALUES
(1, 1, 1, 'student1@example.com', 'Student1'),
(2, 2, 2, 'student2@example.com', 'Student2'),
(3, 3, 3, 'student3@example.com', 'Student3'),
(4, 4, 4, 'student4@example.com', 'Student4'),
(5, 5, 5, 'student5@example.com', 'Student5'),
(6, 1, 6, 'student6@example.com', 'Student6'),
(7, 2, 7, 'student7@example.com', 'Student7'),
(8, 3, 8, 'student8@example.com', 'Student8'),
(9, 4, 9, 'student9@example.com', 'Student9'),
(10, 5, 10, 'student10@example.com', 'Student10'),
(11, 1, 1, 'student11@example.com', 'Student11'),
(12, 2, 2, 'student12@example.com', 'Student12'),
(13, 3, 3, 'student13@example.com', 'Student13'),
(14, 4, 4, 'student14@example.com', 'Student14'),
(15, 5, 5, 'student15@example.com', 'Student15'),
(16, 1, 6, 'student16@example.com', 'Student16'),
(17, 2, 7, 'student17@example.com', 'Student17'),
(18, 3, 8, 'student18@example.com', 'Student18'),
(19, 4, 9, 'student19@example.com', 'Student19'),
(20, 5, 10, 'student20@example.com', 'Student20'),
(21, 1, 1, 'student21@example.com', 'Student21'),
(22, 2, 2, 'student22@example.com', 'Student22'),
(23, 3, 3, 'student23@example.com', 'Student23'),
(24, 4, 4, 'student24@example.com', 'Student24'),
(25, 5, 5, 'student25@example.com', 'Student25'),
(26, 1, 6, 'student26@example.com', 'Student26'),
(27, 2, 7, 'student27@example.com', 'Student27'),
(28, 3, 8, 'student28@example.com', 'Student28'),
(29, 4, 9, 'student29@example.com', 'Student29'),
(30, 5, 10, 'student30@example.com', 'Student30'),
(31, 1, 1, 'student31@example.com', 'Student31'),
(32, 2, 2, 'student32@example.com', 'Student32'),
(33, 3, 3, 'student33@example.com', 'Student33'),
(34, 4, 4, 'student34@example.com', 'Student34'),
(35, 5, 5, 'student35@example.com', 'Student35'),
(36, 1, 6, 'student36@example.com', 'Student36'),
(37, 2, 7, 'student37@example.com', 'Student37'),
(38, 3, 8, 'student38@example.com', 'Student38'),
(39, 4, 9, 'student39@example.com', 'Student39'),
(40, 5, 10, 'student40@example.com', 'Student40'),
(41, 1, 1, 'student41@example.com', 'Student41'),
(42, 2, 2, 'student42@example.com', 'Student42'),
(43, 3, 3, 'student43@example.com', 'Student43'),
(44, 4, 4, 'student44@example.com', 'Student44'),
(45, 5, 5, 'student45@example.com', 'Student45');

INSERT INTO course (courseid, coursename, credits) VALUES
(1, 'Course1', 3),
(2, 'Course2', 4),
(3, 'Course3', 2),
(4, 'Course4', 5),
(5, 'Course5', 3),
(6, 'Course6', 4),
(7, 'Course7', 2),
(8, 'Course8', 5),
(9, 'Course9', 3),
(10, 'Course10', 4),
(11, 'Course11', 2),
(12, 'Course12', 5),
(13, 'Course13', 3),
(14, 'Course14', 4),
(15, 'Course15', 2),
(16, 'Course16', 5),
(17, 'Course17', 3),
(18, 'Course18', 4),
(19, 'Course19', 2),
(20, 'Course20', 5),
(21, 'Course21', 3),
(22, 'Course22', 4),
(23, 'Course23', 2),
(24, 'Course24', 5),
(25, 'Course25', 3),
(26, 'Course26', 4),
(27, 'Course27', 2),
(28, 'Course28', 5),
(29, 'Course29', 3),
(30, 'Course30', 4),
(31, 'Course31', 2),
(32, 'Course32', 5),
(33, 'Course33', 3),
(34, 'Course34', 4),
(35, 'Course35', 2),
(36, 'Course36', 5),
(37, 'Course37', 3),
(38, 'Course38', 4),
(39, 'Course39', 2),
(40, 'Course40', 5),
(41, 'Course41', 3),
(42, 'Course42', 4),
(43, 'Course43', 2),
(44, 'Course44', 5),
(45, 'Course45', 3);




